<?xml version='1.0' encoding='UTF-8' standalone='yes' ?>
<PROJECT IID="1" BUILDPATH="C:/Users/MIPC~1/AppData/Local/Temp/2a5cf41796c74b7b9bf03ad5f5fccac9/PIC16F84A" VERSION="814" TYPE="SOURCE" NAME="PIC16F84A" CONFIGURATION="Debug">
 <FILES ATTACH="1">
  <FILE ATTACH="1" GROUP="Source Files" NAME="PIC16F84A/main.c"/>
  <FILE ATTACH="1" GROUP="Firmware Files" NAME="PIC16F84A/Debug/Debug.cof" FIRMWARE="1"/>
 </FILES>
 <CONFIGURATION CRC="5fc26e94eb107fc4eaabbd229c8ae7f5" TARGET="Debug" COMPILER="MPLAB XC8" NAME="Debug">
  <CONTROLLER FAMILY="PIC16" TYPE="PIC16F84A"/>
  <FILE TOOL="LD" NAME="PIC16F84A/Debug/Debug.cof">
   <FILE TOOL="CC" NAME="PIC16F84A/Debug/main.p1">
    <FILE NAME="PIC16F84A/main.c"/>
   </FILE>
  </FILE>
  <OPTION DEFAULT="1" TOOL="LD" NAME="--output=" VALUE="mcof"/>
  <OPTION DEFAULT="1" TOOL="LD" NAME="-G"/>
  <OPTION DEFAULT="1" TOOL="LD" NAME="--chip=" VALUE="16F84A"/>
  <OPTION DEFAULT="1" TOOL="CC" NAME="--pass1"/>
  <OPTION DEFAULT="1" TOOL="CC" NAME="--errformat=" VALUE="&quot;Error at file %%%%f line %%%%l column %%%%c: (%%%%n) %%%%s&quot;"/>
  <OPTION DEFAULT="1" TOOL="CC" NAME="--warnformat=" VALUE="&quot;Warning at file %%%%f line %%%%l column %%%%c: (%%%%n) %%%%s&quot;"/>
  <OPTION DEFAULT="1" TOOL="CC" NAME="--msgformat=" VALUE="&quot;Message at file %%%%f line %%%%l column %%%%c: (%%%%n) %%%%s&quot;"/>
  <OPTION DEFAULT="1" TOOL="CC" NAME="-G"/>
  <OPTION DEFAULT="1" TOOL="CC" NAME="--chip=" VALUE="16F84A"/>
 </CONFIGURATION>
 <CONFIGURATION CRC="5fc26e94eb107fc4eaabbd229c8ae7f5" TARGET="Release" COMPILER="MPLAB XC8" NAME="Release">
  <CONTROLLER FAMILY="PIC16" TYPE="PIC16F84A"/>
  <FILE TOOL="LD">
   <FILE TOOL="CC">
    <FILE NAME="PIC16F84A/main.c"/>
   </FILE>
  </FILE>
  <OPTION DEFAULT="1" TOOL="LD" NAME="--output=" VALUE="intel"/>
  <OPTION DEFAULT="1" TOOL="LD" NAME="--chip=" VALUE="16F84A"/>
  <OPTION DEFAULT="1" TOOL="CC" NAME="--pass1"/>
  <OPTION DEFAULT="1" TOOL="CC" NAME="--errformat=" VALUE="&quot;Error at file %%%%f line %%%%l column %%%%c: (%%%%n) %%%%s&quot;"/>
  <OPTION DEFAULT="1" TOOL="CC" NAME="--warnformat=" VALUE="&quot;Warning at file %%%%f line %%%%l column %%%%c: (%%%%n) %%%%s&quot;"/>
  <OPTION DEFAULT="1" TOOL="CC" NAME="--msgformat=" VALUE="&quot;Message at file %%%%f line %%%%l column %%%%c: (%%%%n) %%%%s&quot;"/>
  <OPTION DEFAULT="1" TOOL="CC" NAME="--chip=" VALUE="16F84A"/>
 </CONFIGURATION>
</PROJECT>
